mean_radius,mean_texture,mean_perimeter,mean_area,mean_smoothness,mean_compactness,mean_concavity,mean_concave_points,mean_symmetry,mean_fractal_dimension,prediction,identifier,request_time
12.34,19.54,78.12,523.45,0.089,0.112,0.132,0.067,0.172,0.059,0.45729461254943243,a12,2
15.67,17.33,85.67,600.34,0.112,0.145,0.134,0.072,0.16,0.045,0.98370740200327,b12,0
10.11,18.45,70.22,490.12,0.075,0.11,0.12,0.06,0.15,0.051,0.11991734966537686,c12,2
